<?xml version='1.0' encoding='UTF-8'?>
<package version="0.0.1" uuid="jieundance-d3e630">
 <names>
  <name lang="en_US">Jieun's Dance</name>
 </names>
 <descriptions>
  <description lang="en_US">Pepper dances the "Date" song by "I'm fresh! You're pretty!". Aldebaran has the copyright for public diffusion of this song.</description>
 </descriptions>
 <supportedLanguages>
  <language>en_US</language>
 </supportedLanguages>
 <descriptionLanguages>
  <language>en_US</language>
 </descriptionLanguages>
 <contents>
  <behaviorContent path=".">
   <nature>interactive</nature>
   <names>
    <name lang="en_US">Fresh and Pretty Dance</name>
   </names>
   <tags>
    <tag lang="en_US">dance</tag>
   </tags>
   <permissions/>
  </behaviorContent>
 </contents>
 <requirements>
  <naoqiRequirement minVersion="2.3"/>
  <robotRequirement model="JULIETTE"/>
 </requirements>
</package>
